Method,MeanFeatures,MeanRules,MeanMFs,RuleStd
baseline,5,4.1,20.5,0.567646212197547
relieff,5,7.1,35.5,1.3703203194063
lasso,5,7.5,37.5,1.58113883008419
